{"cameraMode":{"drawMode":0,"name":"Shaded","section":"Shading Mode"},"sceneLighting":false,"audioPlay":false,"sceneViewState":{"m_AlwaysRefresh":false,"showFog":true,"showSkybox":false,"showFlares":true,"showImageEffects":true,"showParticleSystems":true,"showVisualEffectGraphs":true,"m_FxEnabled":true},"in2DMode":false,"pivot":{"x":2.612213134765625,"y":0.8591688275337219,"z":6.587916374206543},"rotation":{"x":0.004090139176696539,"y":0.9951454401016235,"z":-0.08710457384586334,"w":0.046284858137369159},"size":1.294405221939087,"orthographic":false}